"rider_welfare","driver_welfare","n_iterations","runtime"
-149.29999999999998,-1.3853869486016402e-16,864,1.097611325
